{
  "noise": {
    "0.00": 0.8722466960352423,
    "0.01": 0.8689427312775331,
    "0.02": 0.8634361233480177,
    "0.04": 0.8458149779735683,
    "0.06": 0.8083700440528634,
    "0.08": 0.75,
    "0.10": 0.6563876651982379
  },
  "occlusion": {
    "0.0": 0.8722466960352423,
    "0.1": 0.8513215859030837,
    "0.2": 0.7797356828193832,
    "0.3": 0.6729074889867841,
    "0.4": 0.5319383259911894,
    "0.5": 0.3799559471365639
  },
  "rotation": {
    "canonical_acc": 0.8722466960352423,
    "mean_rotated_acc": 0.1905286343612335,
    "std_rotated_acc": 0.008387415314828093,
    "trials": 5
  }
}